"","Mean","SD"
"Peer Support",3.5611357406342,0.811760556557776
"Manager Support",3.5516261125588,0.849324147916407
"Perceived Justice",3.5203560188162,0.824874839333145
"Sleep Quality",4.32679052872645,0.774405897498867
"Satisfaction",2.09012149311313,0.491810778255518
"Engagement",2.43343824382101,0.665981008446984
